month,state,totals
2018-09,Alabama,32706
2018-09,Alaska,5699
2018-09,Arizona,30667
2018-09,Arkansas,17072
2018-09,California,91975
2018-09,Colorado,35347
2018-09,Connecticut,12754
2018-09,Delaware,2843
2018-09,District of Columbia,203
2018-09,Florida,78804
2018-09,Georgia,36097
2018-09,Guam,120
2018-09,Hawaii,975
2018-09,Idaho,15566
2018-09,Illinois,228695
2018-09,Indiana,51787
2018-09,Iowa,13861
2018-09,Kansas,11429
2018-09,Kentucky,409385
2018-09,Louisiana,25058
2018-09,Maine,7926
2018-09,Mariana Islands,8
2018-09,Maryland,10237
2018-09,Massachusetts,16320
2018-09,Michigan,34781
2018-09,Minnesota,43339
2018-09,Mississippi,17683
2018-09,Missouri,35005
2018-09,Montana,9770
2018-09,Nebraska,4763
2018-09,Nevada,8486
2018-09,New Hampshire,9009
2018-09,New Jersey,6138
2018-09,New Mexico,11160
2018-09,New York,29374
2018-09,North Carolina,29572
2018-09,North Dakota,5226
2018-09,Ohio,45698
2018-09,Oklahoma,22160
2018-09,Oregon,26644
2018-09,Pennsylvania,70420
2018-09,Puerto Rico,2490
2018-09,Rhode Island,1621
2018-09,South Carolina,20159
2018-09,South Dakota,7305
2018-09,Tennessee,46134
2018-09,Texas,121366
2018-09,Utah,18221
2018-09,Vermont,3590
2018-09,Virgin Islands,99
2018-09,Virginia,33627
2018-09,Washington,42874
2018-09,West Virginia,15411
2018-09,Wisconsin,33194
2018-09,Wyoming,4988
2018-08,Alabama,37227
2018-08,Alaska,6818
2018-08,Arizona,34149
2018-08,Arkansas,20502
2018-08,California,103019
2018-08,Colorado,40922
2018-08,Connecticut,14338
2018-08,Delaware,2914
2018-08,District of Columbia,329
2018-08,Florida,89711
2018-08,Georgia,40046
2018-08,Guam,133
2018-08,Hawaii,1129
2018-08,Idaho,14312
2018-08,Illinois,242864
2018-08,Indiana,60712
2018-08,Iowa,14306
2018-08,Kansas,12690
2018-08,Kentucky,411800
2018-08,Louisiana,24273
2018-08,Maine,6951
2018-08,Mariana Islands,13
2018-08,Maryland,11281
2018-08,Massachusetts,17975
2018-08,Michigan,36381
2018-08,Minnesota,41548
2018-08,Mississippi,20545
2018-08,Missouri,37674
2018-08,Montana,9309
2018-08,Nebraska,4456
2018-08,Nevada,9350
2018-08,New Hampshire,9005
2018-08,New Jersey,7216
2018-08,New Mexico,12038
2018-08,New York,27145
2018-08,North Carolina,39800
2018-08,North Dakota,4700
2018-08,Ohio,50289
2018-08,Oklahoma,24190
2018-08,Oregon,25648
2018-08,Pennsylvania,74944
2018-08,Puerto Rico,2816
2018-08,Rhode Island,1733
2018-08,South Carolina,27280
2018-08,South Dakota,7156
2018-08,Tennessee,52483
2018-08,Texas,134727
2018-08,Utah,22634
2018-08,Vermont,2781
2018-08,Virgin Islands,59
2018-08,Virginia,34578
2018-08,Washington,44867
2018-08,West Virginia,15366
2018-08,Wisconsin,32732
2018-08,Wyoming,4445
2018-07,Alabama,32572
2018-07,Alaska,5714
2018-07,Arizona,26359
2018-07,Arkansas,19399
2018-07,California,94672
2018-07,Colorado,37788
2018-07,Connecticut,13650
2018-07,Delaware,2840
2018-07,District of Columbia,246
2018-07,Florida,82909
2018-07,Georgia,34244
2018-07,Guam,145
2018-07,Hawaii,1057
2018-07,Idaho,14478
2018-07,Illinois,198971
2018-07,Indiana,60457
2018-07,Iowa,10329
2018-07,Kansas,11364
2018-07,Kentucky,393583
2018-07,Louisiana,20229
2018-07,Maine,5968
2018-07,Mariana Islands,15
2018-07,Maryland,10020
2018-07,Massachusetts,14275
2018-07,Michigan,32443
2018-07,Minnesota,36279
2018-07,Mississippi,14206
2018-07,Missouri,30157
2018-07,Montana,7794
2018-07,Nebraska,4220
2018-07,Nevada,8903
2018-07,New Hampshire,8029
2018-07,New Jersey,6857
2018-07,New Mexico,10485
2018-07,New York,22405
2018-07,North Carolina,35244
2018-07,North Dakota,3791
2018-07,Ohio,45689
2018-07,Oklahoma,19932
2018-07,Oregon,23171
2018-07,Pennsylvania,66391
2018-07,Puerto Rico,2268
2018-07,Rhode Island,1472
2018-07,South Carolina,17434
2018-07,South Dakota,5385
2018-07,Tennessee,48261
2018-07,Texas,122071
2018-07,Utah,22301
2018-07,Vermont,2313
2018-07,Virgin Islands,138
2018-07,Virginia,32931
2018-07,Washington,41040
2018-07,West Virginia,13136
2018-07,Wisconsin,26598
2018-07,Wyoming,4118
2018-06,Alabama,32572
2018-06,Alaska,6330
2018-06,Arizona,28041
2018-06,Arkansas,18809
2018-06,California,99683
2018-06,Colorado,38395
2018-06,Connecticut,14440
2018-06,Delaware,3211
2018-06,District of Columbia,259
2018-06,Florida,88991
2018-06,Georgia,35963
2018-06,Guam,146
2018-06,Hawaii,1170
2018-06,Idaho,15401
2018-06,Illinois,225006
2018-06,Indiana,74423
2018-06,Iowa,10904
2018-06,Kansas,11501
2018-06,Kentucky,411606
2018-06,Louisiana,22339
2018-06,Maine,6156
2018-06,Mariana Islands,17
2018-06,Maryland,10333
2018-06,Massachusetts,15930
2018-06,Michigan,33308
2018-06,Minnesota,38204
2018-06,Mississippi,15858
2018-06,Missouri,32616
2018-06,Montana,8746
2018-06,Nebraska,4418
2018-06,Nevada,9442
2018-06,New Hampshire,8511
2018-06,New Jersey,7413
2018-06,New Mexico,11259
2018-06,New York,23921
2018-06,North Carolina,37350
2018-06,North Dakota,4124
2018-06,Ohio,47756
2018-06,Oklahoma,22471
2018-06,Oregon,26685
2018-06,Pennsylvania,71106
2018-06,Puerto Rico,2522
2018-06,Rhode Island,1685
2018-06,South Carolina,18597
2018-06,South Dakota,5779
2018-06,Tennessee,47938
2018-06,Texas,108008
2018-06,Utah,29176
2018-06,Vermont,2725
2018-06,Virgin Islands,116
2018-06,Virginia,32496
2018-06,Washington,44090
2018-06,West Virginia,14127
2018-06,Wisconsin,26403
2018-06,Wyoming,4362
2018-05,Alabama,33193
2018-05,Alaska,7548
2018-05,Arizona,28285
2018-05,Arkansas,17667
2018-05,California,104498
2018-05,Colorado,41583
2018-05,Connecticut,14409
2018-05,Delaware,3674
2018-05,District of Columbia,289
2018-05,Florida,95481
2018-05,Georgia,39528
2018-05,Guam,156
2018-05,Hawaii,1187
2018-05,Idaho,18243
2018-05,Illinois,233963
2018-05,Indiana,78143
2018-05,Iowa,13766
2018-05,Kansas,11062
2018-05,Kentucky,395487
2018-05,Louisiana,20265
2018-05,Maine,6847
2018-05,Mariana Islands,13
2018-05,Maryland,11990
2018-05,Massachusetts,18574
2018-05,Michigan,35563
2018-05,Minnesota,47533
2018-05,Mississippi,15999
2018-05,Missouri,31607
2018-05,Montana,8952
2018-05,Nebraska,5165
2018-05,Nevada,10327
2018-05,New Hampshire,9875
2018-05,New Jersey,8037
2018-05,New Mexico,11432
2018-05,New York,25621
2018-05,North Carolina,43211
2018-05,North Dakota,4539
2018-05,Ohio,51734
2018-05,Oklahoma,21697
2018-05,Oregon,28305
2018-05,Pennsylvania,75296
2018-05,Puerto Rico,2616
2018-05,Rhode Island,1887
2018-05,South Carolina,17103
2018-05,South Dakota,5720
2018-05,Tennessee,50613
2018-05,Texas,111159
2018-05,Utah,31638
2018-05,Vermont,2818
2018-05,Virgin Islands,136
2018-05,Virginia,32135
2018-05,Washington,46008
2018-05,West Virginia,17108
2018-05,Wisconsin,28841
2018-05,Wyoming,4820
2018-04,Alabama,34915
2018-04,Alaska,7367
2018-04,Arizona,31658
2018-04,Arkansas,18240
2018-04,California,121478
2018-04,Colorado,47462
2018-04,Connecticut,15269
2018-04,Delaware,4988
2018-04,District of Columbia,321
2018-04,Florida,102426
2018-04,Georgia,43671
2018-04,Guam,155
2018-04,Hawaii,1393
2018-04,Idaho,16974
2018-04,Illinois,238774
2018-04,Indiana,78367
2018-04,Iowa,17457
2018-04,Kansas,13184
2018-04,Kentucky,409485
2018-04,Louisiana,22491
2018-04,Maine,8745
2018-04,Mariana Islands,22
2018-04,Maryland,14105
2018-04,Massachusetts,17983
2018-04,Michigan,44190
2018-04,Minnesota,64410
2018-04,Mississippi,17470
2018-04,Missouri,38859
2018-04,Montana,9795
2018-04,Nebraska,6643
2018-04,Nevada,11470
2018-04,New Hampshire,11372
2018-04,New Jersey,8958
2018-04,New Mexico,12859
2018-04,New York,33326
2018-04,North Carolina,47770
2018-04,North Dakota,5793
2018-04,Ohio,65456
2018-04,Oklahoma,25345
2018-04,Oregon,32494
2018-04,Pennsylvania,91401
2018-04,Puerto Rico,2224
2018-04,Rhode Island,2332
2018-04,South Carolina,19286
2018-04,South Dakota,7040
2018-04,Tennessee,53166
2018-04,Texas,114704
2018-04,Utah,29213
2018-04,Vermont,5081
2018-04,Virgin Islands,133
2018-04,Virginia,37720
2018-04,Washington,51693
2018-04,West Virginia,22379
2018-04,Wisconsin,41542
2018-04,Wyoming,5065
2018-03,Alabama,50610
2018-03,Alaska,7800
2018-03,Arizona,41551
2018-03,Arkansas,24492
2018-03,California,136228
2018-03,Colorado,61839
2018-03,Connecticut,18091
2018-03,Delaware,6298
2018-03,District of Columbia,381
2018-03,Florida,137997
2018-03,Georgia,67791
2018-03,Guam,146
2018-03,Hawaii,1420
2018-03,Idaho,24342
2018-03,Illinois,271714
2018-03,Indiana,121376
2018-03,Iowa,21697
2018-03,Kansas,18772
2018-03,Kentucky,421247
2018-03,Louisiana,31519
2018-03,Maine,10684
2018-03,Mariana Islands,25
2018-03,Maryland,17841
2018-03,Massachusetts,22326
2018-03,Michigan,59589
2018-03,Minnesota,72268
2018-03,Mississippi,27387
2018-03,Missouri,58076
2018-03,Montana,13402
2018-03,Nebraska,9048
2018-03,Nevada,14322
2018-03,New Hampshire,14184
2018-03,New Jersey,10195
2018-03,New Mexico,18357
2018-03,New York,37050
2018-03,North Carolina,61950
2018-03,North Dakota,6803
2018-03,Ohio,91247
2018-03,Oklahoma,35317
2018-03,Oregon,41616
2018-03,Pennsylvania,123031
2018-03,Puerto Rico,2072
2018-03,Rhode Island,3528
2018-03,South Carolina,29427
2018-03,South Dakota,10135
2018-03,Tennessee,71458
2018-03,Texas,161200
2018-03,Utah,33649
2018-03,Vermont,6177
2018-03,Virgin Islands,195
2018-03,Virginia,55765
2018-03,Washington,66587
2018-03,West Virginia,40701
2018-03,Wisconsin,56482
2018-03,Wyoming,6476
2018-02,Alabama,45171
2018-02,Alaska,5392
2018-02,Arizona,36281
2018-02,Arkansas,24266
2018-02,California,107649
2018-02,Colorado,47221
2018-02,Connecticut,15617
2018-02,Delaware,4651
2018-02,District of Columbia,217
2018-02,Florida,119561
2018-02,Georgia,57838
2018-02,Guam,146
2018-02,Hawaii,1074
2018-02,Idaho,20359
2018-02,Illinois,185288
2018-02,Indiana,81904
2018-02,Iowa,17387
2018-02,Kansas,18016
2018-02,Kentucky,417418
2018-02,Louisiana,26449
2018-02,Maine,7816
2018-02,Mariana Islands,20
2018-02,Maryland,13245
2018-02,Massachusetts,16463
2018-02,Michigan,44706
2018-02,Minnesota,49636
2018-02,Mississippi,25182
2018-02,Missouri,49381
2018-02,Montana,9983
2018-02,Nebraska,7585
2018-02,Nevada,12407
2018-02,New Hampshire,11486
2018-02,New Jersey,8459
2018-02,New Mexico,15891
2018-02,New York,31129
2018-02,North Carolina,53082
2018-02,North Dakota,5116
2018-02,Ohio,73240
2018-02,Oklahoma,31763
2018-02,Oregon,32397
2018-02,Pennsylvania,98075
2018-02,Puerto Rico,2076
2018-02,Rhode Island,2646
2018-02,South Carolina,28968
2018-02,South Dakota,8086
2018-02,Tennessee,66667
2018-02,Texas,155942
2018-02,Utah,22632
2018-02,Vermont,3870
2018-02,Virgin Islands,41
2018-02,Virginia,47385
2018-02,Washington,53915
2018-02,West Virginia,23344
2018-02,Wisconsin,43777
2018-02,Wyoming,5057
2018-01,Alabama,38477
2018-01,Alaska,4429
2018-01,Arizona,28627
2018-01,Arkansas,17483
2018-01,California,119910
2018-01,Colorado,41989
2018-01,Connecticut,13775
2018-01,Delaware,3684
2018-01,District of Columbia,283
2018-01,Florida,98243
2018-01,Georgia,45591
2018-01,Guam,135
2018-01,Hawaii,1185
2018-01,Idaho,15060
2018-01,Illinois,170007
2018-01,Indiana,83769
2018-01,Iowa,19745
2018-01,Kansas,13782
2018-01,Kentucky,402376
2018-01,Louisiana,20744
2018-01,Maine,5850
2018-01,Mariana Islands,10
2018-01,Maryland,12564
2018-01,Massachusetts,16120
2018-01,Michigan,35895
2018-01,Minnesota,50478
2018-01,Mississippi,16642
2018-01,Missouri,35204
2018-01,Montana,7448
2018-01,Nebraska,6645
2018-01,Nevada,9952
2018-01,New Hampshire,8758
2018-01,New Jersey,8010
2018-01,New Mexico,11783
2018-01,New York,26079
2018-01,North Carolina,43439
2018-01,North Dakota,4388
2018-01,Ohio,52079
2018-01,Oklahoma,23460
2018-01,Oregon,27037
2018-01,Pennsylvania,78428
2018-01,Puerto Rico,2022
2018-01,Rhode Island,1882
2018-01,South Carolina,22311
2018-01,South Dakota,6556
2018-01,Tennessee,55251
2018-01,Texas,123042
2018-01,Utah,21187
2018-01,Vermont,2268
2018-01,Virgin Islands,137
2018-01,Virginia,35206
2018-01,Washington,51432
2018-01,West Virginia,15102
2018-01,Wisconsin,36791
2018-01,Wyoming,3971
2017-12,Alabama,56545
2017-12,Alaska,8330
2017-12,Arizona,41559
2017-12,Arkansas,29559
2017-12,California,142492
2017-12,Colorado,59800
2017-12,Connecticut,15455
2017-12,Delaware,5544
2017-12,District of Columbia,204
2017-12,Florida,137355
2017-12,Georgia,64491
2017-12,Guam,181
2017-12,Hawaii,1119
2017-12,Idaho,19750
2017-12,Illinois,163756
2017-12,Indiana,92261
2017-12,Iowa,19236
2017-12,Kansas,23133
2017-12,Kentucky,417841
2017-12,Louisiana,41735
2017-12,Maine,9364
2017-12,Mariana Islands,23
2017-12,Maryland,16062
2017-12,Massachusetts,17941
2017-12,Michigan,45578
2017-12,Minnesota,51143
2017-12,Mississippi,35528
2017-12,Missouri,62810
2017-12,Montana,12979
2017-12,Nebraska,8953
2017-12,Nevada,13626
2017-12,New Hampshire,12035
2017-12,New Jersey,9341
2017-12,New Mexico,18635
2017-12,New York,36347
2017-12,North Carolina,57209
2017-12,North Dakota,6528
2017-12,Ohio,78726
2017-12,Oklahoma,41245
2017-12,Oregon,38537
2017-12,Pennsylvania,107730
2017-12,Puerto Rico,2767
2017-12,Rhode Island,2269
2017-12,South Carolina,38260
2017-12,South Dakota,10507
2017-12,Tennessee,87983
2017-12,Texas,181236
2017-12,Utah,27220
2017-12,Vermont,3759
2017-12,Virgin Islands,131
2017-12,Virginia,60398
2017-12,Washington,58937
2017-12,West Virginia,27273
2017-12,Wisconsin,47120
2017-12,Wyoming,6940
2017-11,Alabama,47418
2017-11,Alaska,7527
2017-11,Arizona,34541
2017-11,Arkansas,26049
2017-11,California,140695
2017-11,Colorado,51473
2017-11,Connecticut,14334
2017-11,Delaware,4577
2017-11,District of Columbia,365
2017-11,Florida,123397
2017-11,Georgia,54950
2017-11,Guam,127
2017-11,Hawaii,1171
2017-11,Idaho,15772
2017-11,Illinois,150588
2017-11,Indiana,75879
2017-11,Iowa,17182
2017-11,Kansas,20460
2017-11,Kentucky,404508
2017-11,Louisiana,35485
2017-11,Maine,8578
2017-11,Mariana Islands,21
2017-11,Maryland,16266
2017-11,Massachusetts,17548
2017-11,Michigan,54350
2017-11,Minnesota,48087
2017-11,Mississippi,28188
2017-11,Missouri,56129
2017-11,Montana,11107
2017-11,Nebraska,8303
2017-11,Nevada,12064
2017-11,New Hampshire,11627
2017-11,New Jersey,9433
2017-11,New Mexico,16110
2017-11,New York,37306
2017-11,North Carolina,51839
2017-11,North Dakota,6334
2017-11,Ohio,76732
2017-11,Oklahoma,38406
2017-11,Oregon,34103
2017-11,Pennsylvania,104479
2017-11,Puerto Rico,2307
2017-11,Rhode Island,2173
2017-11,South Carolina,34132
2017-11,South Dakota,9908
2017-11,Tennessee,74800
2017-11,Texas,163358
2017-11,Utah,24359
2017-11,Vermont,3240
2017-11,Virgin Islands,86
2017-11,Virginia,53142
2017-11,Washington,53072
2017-11,West Virginia,24455
2017-11,Wisconsin,48683
2017-11,Wyoming,5665
2017-10,Alabama,36619
2017-10,Alaska,8080
2017-10,Arizona,29277
2017-10,Arkansas,20327
2017-10,California,119395
2017-10,Colorado,40163
2017-10,Connecticut,13201
2017-10,Delaware,3692
2017-10,District of Columbia,217
2017-10,Florida,103032
2017-10,Georgia,43293
2017-10,Guam,135
2017-10,Hawaii,1235
2017-10,Idaho,15130
2017-10,Illinois,122798
2017-10,Indiana,55336
2017-10,Iowa,14012
2017-10,Kansas,15018
2017-10,Kentucky,401155
2017-10,Louisiana,27436
2017-10,Maine,10328
2017-10,Mariana Islands,9
2017-10,Maryland,13651
2017-10,Massachusetts,16842
2017-10,Michigan,44262
2017-10,Minnesota,55012
2017-10,Mississippi,19080
2017-10,Missouri,43987
2017-10,Montana,11673
2017-10,Nebraska,6543
2017-10,Nevada,10198
2017-10,New Hampshire,10371
2017-10,New Jersey,7852
2017-10,New Mexico,13543
2017-10,New York,32615
2017-10,North Carolina,43211
2017-10,North Dakota,6209
2017-10,Ohio,56960
2017-10,Oklahoma,25822
2017-10,Oregon,27786
2017-10,Pennsylvania,87064
2017-10,Puerto Rico,1306
2017-10,Rhode Island,2103
2017-10,South Carolina,28996
2017-10,South Dakota,9244
2017-10,Tennessee,55531
2017-10,Texas,129869
2017-10,Utah,19619
2017-10,Vermont,3463
2017-10,Virgin Islands,68
2017-10,Virginia,40293
2017-10,Washington,48147
2017-10,West Virginia,18256
2017-10,Wisconsin,43183
2017-10,Wyoming,4370
2017-09,Alabama,32019
2017-09,Alaska,6303
2017-09,Arizona,28394
2017-09,Arkansas,17747
2017-09,California,123506
2017-09,Colorado,35873
2017-09,Connecticut,12117
2017-09,Delaware,3502
2017-09,District of Columbia,61
2017-09,Florida,77390
2017-09,Georgia,35371
2017-09,Guam,135
2017-09,Hawaii,948
2017-09,Idaho,14938
2017-09,Illinois,116449
2017-09,Indiana,48524
2017-09,Iowa,9975
2017-09,Kansas,12856
2017-09,Kentucky,398706
2017-09,Louisiana,27821
2017-09,Maine,8715
2017-09,Mariana Islands,16
2017-09,Maryland,11255
2017-09,Massachusetts,15460
2017-09,Michigan,36944
2017-09,Minnesota,44552
2017-09,Mississippi,17491
2017-09,Missouri,37571
2017-09,Montana,10283
2017-09,Nebraska,5345
2017-09,Nevada,9460
2017-09,New Hampshire,10689
2017-09,New Jersey,7165
2017-09,New Mexico,12491
2017-09,New York,30703
2017-09,North Carolina,37325
2017-09,North Dakota,5212
2017-09,Ohio,49942
2017-09,Oklahoma,23371
2017-09,Oregon,27277
2017-09,Pennsylvania,77003
2017-09,Puerto Rico,791
2017-09,Rhode Island,1799
2017-09,South Carolina,25930
2017-09,South Dakota,7457
2017-09,Tennessee,50945
2017-09,Texas,128260
2017-09,Utah,20041
2017-09,Vermont,3084
2017-09,Virgin Islands,9
2017-09,Virginia,36446
2017-09,Washington,43049
2017-09,West Virginia,16723
2017-09,Wisconsin,37506
2017-09,Wyoming,4281
2017-08,Alabama,35038
2017-08,Alaska,6946
2017-08,Arizona,29376
2017-08,Arkansas,17517
2017-08,California,130901
2017-08,Colorado,37150
2017-08,Connecticut,14019
2017-08,Delaware,3509
2017-08,District of Columbia,80
2017-08,Florida,96664
2017-08,Georgia,38830
2017-08,Guam,159
2017-08,Hawaii,1079
2017-08,Idaho,13341
2017-08,Illinois,126921
2017-08,Indiana,47649
2017-08,Iowa,9416
2017-08,Kansas,13097
2017-08,Kentucky,394718
2017-08,Louisiana,24694
2017-08,Maine,7751
2017-08,Mariana Islands,27
2017-08,Maryland,11561
2017-08,Massachusetts,16258
2017-08,Michigan,39255
2017-08,Minnesota,46613
2017-08,Mississippi,21963
2017-08,Missouri,37449
2017-08,Montana,9618
2017-08,Nebraska,5209
2017-08,Nevada,9035
2017-08,New Hampshire,9313
2017-08,New Jersey,7443
2017-08,New Mexico,11690
2017-08,New York,28779
2017-08,North Carolina,41122
2017-08,North Dakota,4874
2017-08,Ohio,51103
2017-08,Oklahoma,24061
2017-08,Oregon,24904
2017-08,Pennsylvania,79020
2017-08,Puerto Rico,1490
2017-08,Rhode Island,1718
2017-08,South Carolina,31663
2017-08,South Dakota,6686
2017-08,Tennessee,49945
2017-08,Texas,110946
2017-08,Utah,22010
2017-08,Vermont,2676
2017-08,Virgin Islands,132
2017-08,Virginia,39114
2017-08,Washington,42120
2017-08,West Virginia,14770
2017-08,Wisconsin,40924
2017-08,Wyoming,4111
2017-07,Alabama,31474
2017-07,Alaska,6487
2017-07,Arizona,25714
2017-07,Arkansas,14015
2017-07,California,114595
2017-07,Colorado,33811
2017-07,Connecticut,14525
2017-07,Delaware,2981
2017-07,District of Columbia,68
2017-07,Florida,92822
2017-07,Georgia,35085
2017-07,Guam,145
2017-07,Hawaii,1109
2017-07,Idaho,11871
2017-07,Illinois,108000
2017-07,Indiana,47145
2017-07,Iowa,8801
2017-07,Kansas,13775
2017-07,Kentucky,390494
2017-07,Louisiana,20454
2017-07,Maine,5837
2017-07,Mariana Islands,13
2017-07,Maryland,10088
2017-07,Massachusetts,12900
2017-07,Michigan,33378
2017-07,Minnesota,41186
2017-07,Mississippi,14388
2017-07,Missouri,32415
2017-07,Montana,7890
2017-07,Nebraska,4266
2017-07,Nevada,8310
2017-07,New Hampshire,8333
2017-07,New Jersey,7034
2017-07,New Mexico,10580
2017-07,New York,25576
2017-07,North Carolina,34784
2017-07,North Dakota,4136
2017-07,Ohio,49432
2017-07,Oklahoma,20738
2017-07,Oregon,23239
2017-07,Pennsylvania,73654
2017-07,Puerto Rico,1381
2017-07,Rhode Island,1646
2017-07,South Carolina,26567
2017-07,South Dakota,6068
2017-07,Tennessee,52643
2017-07,Texas,98338
2017-07,Utah,17925
2017-07,Vermont,2275
2017-07,Virgin Islands,151
2017-07,Virginia,36183
2017-07,Washington,38369
2017-07,West Virginia,13970
2017-07,Wisconsin,32846
2017-07,Wyoming,3398
2017-06,Alabama,35687
2017-06,Alaska,6353
2017-06,Arizona,28359
2017-06,Arkansas,16614
2017-06,California,130187
2017-06,Colorado,36459
2017-06,Connecticut,16504
2017-06,Delaware,3634
2017-06,District of Columbia,74
2017-06,Florida,100508
2017-06,Georgia,39874
2017-06,Guam,156
2017-06,Hawaii,1083
2017-06,Idaho,20241
2017-06,Illinois,113889
2017-06,Indiana,49689
2017-06,Iowa,8352
2017-06,Kansas,13485
2017-06,Kentucky,392002
2017-06,Louisiana,23497
2017-06,Maine,6474
2017-06,Mariana Islands,12
2017-06,Maryland,10945
2017-06,Massachusetts,15841
2017-06,Michigan,37088
2017-06,Minnesota,44775
2017-06,Mississippi,17154
2017-06,Missouri,36752
2017-06,Montana,9901
2017-06,Nebraska,4265
2017-06,Nevada,10602
2017-06,New Hampshire,9184
2017-06,New Jersey,7790
2017-06,New Mexico,11398
2017-06,New York,27677
2017-06,North Carolina,39169
2017-06,North Dakota,4939
2017-06,Ohio,53164
2017-06,Oklahoma,24632
2017-06,Oregon,27103
2017-06,Pennsylvania,76201
2017-06,Puerto Rico,1631
2017-06,Rhode Island,1899
2017-06,South Carolina,32995
2017-06,South Dakota,6704
2017-06,Tennessee,52959
2017-06,Texas,118091
2017-06,Utah,22138
2017-06,Vermont,2382
2017-06,Virgin Islands,153
2017-06,Virginia,36838
2017-06,Washington,46023
2017-06,West Virginia,14498
2017-06,Wisconsin,36267
2017-06,Wyoming,3975
2017-05,Alabama,33331
2017-05,Alaska,6442
2017-05,Arizona,28734
2017-05,Arkansas,16749
2017-05,California,129307
2017-05,Colorado,36008
2017-05,Connecticut,16149
2017-05,Delaware,4012
2017-05,District of Columbia,82
2017-05,Florida,96556
2017-05,Georgia,36905
2017-05,Guam,157
2017-05,Hawaii,1117
2017-05,Idaho,13065
2017-05,Illinois,121746
2017-05,Indiana,54347
2017-05,Iowa,10232
2017-05,Kansas,12337
2017-05,Kentucky,391740
2017-05,Louisiana,21311
2017-05,Maine,7200
2017-05,Mariana Islands,12
2017-05,Maryland,11660
2017-05,Massachusetts,16651
2017-05,Michigan,38548
2017-05,Minnesota,55570
2017-05,Mississippi,15680
2017-05,Missouri,34965
2017-05,Montana,9418
2017-05,Nebraska,5025
2017-05,Nevada,9803
2017-05,New Hampshire,8868
2017-05,New Jersey,8694
2017-05,New Mexico,11291
2017-05,New York,31294
2017-05,North Carolina,39413
2017-05,North Dakota,4654
2017-05,Ohio,56229
2017-05,Oklahoma,22693
2017-05,Oregon,26466
2017-05,Pennsylvania,79725
2017-05,Puerto Rico,1600
2017-05,Rhode Island,1883
2017-05,South Carolina,31248
2017-05,South Dakota,7004
2017-05,Tennessee,57763
2017-05,Texas,109732
2017-05,Utah,23844
2017-05,Vermont,2577
2017-05,Virgin Islands,79
2017-05,Virginia,36007
2017-05,Washington,45816
2017-05,West Virginia,15085
2017-05,Wisconsin,37888
2017-05,Wyoming,4128
2017-04,Alabama,32652
2017-04,Alaska,6983
2017-04,Arizona,32052
2017-04,Arkansas,16452
2017-04,California,132190
2017-04,Colorado,39989
2017-04,Connecticut,16406
2017-04,Delaware,4296
2017-04,District of Columbia,104
2017-04,Florida,103641
2017-04,Georgia,37829
2017-04,Guam,147
2017-04,Hawaii,888
2017-04,Idaho,15234
2017-04,Illinois,135507
2017-04,Indiana,63298
2017-04,Iowa,13017
2017-04,Kansas,15139
2017-04,Kentucky,392685
2017-04,Louisiana,22065
2017-04,Maine,8115
2017-04,Mariana Islands,13
2017-04,Maryland,13182
2017-04,Massachusetts,17866
2017-04,Michigan,41939
2017-04,Minnesota,71484
2017-04,Mississippi,16803
2017-04,Missouri,40019
2017-04,Montana,10293
2017-04,Nebraska,5745
2017-04,Nevada,10588
2017-04,New Hampshire,10792
2017-04,New Jersey,9119
2017-04,New Mexico,12748
2017-04,New York,33113
2017-04,North Carolina,39992
2017-04,North Dakota,6504
2017-04,Ohio,66800
2017-04,Oklahoma,27478
2017-04,Oregon,27936
2017-04,Pennsylvania,85908
2017-04,Puerto Rico,1387
2017-04,Rhode Island,2133
2017-04,South Carolina,30218
2017-04,South Dakota,7857
2017-04,Tennessee,57852
2017-04,Texas,109961
2017-04,Utah,23177
2017-04,Vermont,3818
2017-04,Virgin Islands,111
2017-04,Virginia,48631
2017-04,Washington,47895
2017-04,West Virginia,16988
2017-04,Wisconsin,45872
2017-04,Wyoming,4269
2017-03,Alabama,48769
2017-03,Alaska,6971
2017-03,Arizona,38170
2017-03,Arkansas,23290
2017-03,California,146592
2017-03,Colorado,45645
2017-03,Connecticut,18787
2017-03,Delaware,5527
2017-03,District of Columbia,111
2017-03,Florida,122716
2017-03,Georgia,57235
2017-03,Guam,136
2017-03,Hawaii,1090
2017-03,Idaho,16675
2017-03,Illinois,163728
2017-03,Indiana,79624
2017-03,Iowa,20026
2017-03,Kansas,17891
2017-03,Kentucky,397959
2017-03,Louisiana,29310
2017-03,Maine,9632
2017-03,Mariana Islands,11
2017-03,Maryland,15769
2017-03,Massachusetts,21059
2017-03,Michigan,54452
2017-03,Minnesota,77749
2017-03,Mississippi,24421
2017-03,Missouri,52928
2017-03,Montana,12396
2017-03,Nebraska,7337
2017-03,Nevada,14158
2017-03,New Hampshire,13529
2017-03,New Jersey,10993
2017-03,New Mexico,14963
2017-03,New York,35608
2017-03,North Carolina,55574
2017-03,North Dakota,6461
2017-03,Ohio,81153
2017-03,Oklahoma,30518
2017-03,Oregon,32423
2017-03,Pennsylvania,110334
2017-03,Puerto Rico,1560
2017-03,Rhode Island,2553
2017-03,South Carolina,43113
2017-03,South Dakota,9770
2017-03,Tennessee,74655
2017-03,Texas,144270
2017-03,Utah,26941
2017-03,Vermont,4051
2017-03,Virgin Islands,96
2017-03,Virginia,49368
2017-03,Washington,58069
2017-03,West Virginia,22529
2017-03,Wisconsin,58739
2017-03,Wyoming,5315
2017-02,Alabama,46251
2017-02,Alaska,5917
2017-02,Arizona,37388
2017-02,Arkansas,22548
2017-02,California,129885
2017-02,Colorado,43577
2017-02,Connecticut,15209
2017-02,Delaware,5066
2017-02,District of Columbia,93
2017-02,Florida,117892
2017-02,Georgia,53177
2017-02,Guam,132
2017-02,Hawaii,1037
2017-02,Idaho,14936
2017-02,Illinois,139697
2017-02,Indiana,136193
2017-02,Iowa,15025
2017-02,Kansas,19211
2017-02,Kentucky,313748
2017-02,Louisiana,27684
2017-02,Maine,7731
2017-02,Maryland,14852
2017-02,Massachusetts,18130
2017-02,Michigan,48382
2017-02,Minnesota,62051
2017-02,Mississippi,24043
2017-02,Missouri,50850
2017-02,Montana,10386
2017-02,Nebraska,7122
2017-02,Nevada,11765
2017-02,New Hampshire,12282
2017-02,New Jersey,9601
2017-02,New Mexico,15364
2017-02,New York,31910
2017-02,North Carolina,51627
2017-02,North Dakota,6193
2017-02,Ohio,74257
2017-02,Oklahoma,30840
2017-02,Oregon,29183
2017-02,Pennsylvania,95585
2017-02,Puerto Rico,1259
2017-02,Rhode Island,2354
2017-02,South Carolina,41969
2017-02,South Dakota,9754
2017-02,Tennessee,69264
2017-02,Texas,137470
2017-02,Utah,24889
2017-02,Vermont,3594
2017-02,Virgin Islands,106
2017-02,Virginia,47038
2017-02,Washington,52154
2017-02,West Virginia,22449
2017-02,Wisconsin,50720
2017-02,Wyoming,4554
2017-01,Alabama,41542
2017-01,Alaska,4500
2017-01,Arizona,31366
2017-01,Arkansas,16762
2017-01,California,130365
2017-01,Colorado,37047
2017-01,Connecticut,15073
2017-01,Delaware,4299
2017-01,District of Columbia,81
2017-01,Florida,104576
2017-01,Georgia,44615
2017-01,Guam,205
2017-01,Hawaii,866
2017-01,Idaho,11146
2017-01,Illinois,138008
2017-01,Indiana,80412
2017-01,Iowa,15707
2017-01,Kansas,15049
2017-01,Kentucky,345924
2017-01,Louisiana,27709
2017-01,Maine,6865
2017-01,Maryland,13368
2017-01,Massachusetts,19996
2017-01,Michigan,39067
2017-01,Minnesota,85322
2017-01,Mississippi,17113
2017-01,Missouri,39098
2017-01,Montana,7994
2017-01,Nebraska,6205
2017-01,Nevada,10013
2017-01,New Hampshire,12067
2017-01,New Jersey,9274
2017-01,New Mexico,10966
2017-01,New York,31567
2017-01,North Carolina,46548
2017-01,North Dakota,4933
2017-01,Ohio,58574
2017-01,Oklahoma,24547
2017-01,Oregon,22210
2017-01,Pennsylvania,85948
2017-01,Puerto Rico,1332
2017-01,Rhode Island,2147
2017-01,South Carolina,31829
2017-01,South Dakota,7614
2017-01,Tennessee,83613
2017-01,Texas,117903
2017-01,Utah,18314
2017-01,Vermont,2691
2017-01,Virgin Islands,88
2017-01,Virginia,37369
2017-01,Washington,46027
2017-01,West Virginia,15772
2017-01,Wisconsin,46775
2017-01,Wyoming,3705
2016-12,Alabama,62014
2016-12,Alaska,8786
2016-12,Arizona,44887
2016-12,Arkansas,29926
2016-12,California,298161
2016-12,Colorado,55428
2016-12,Connecticut,17825
2016-12,Delaware,6356
2016-12,District of Columbia,71
2016-12,Florida,144983
2016-12,Georgia,68269
2016-12,Guam,172
2016-12,Hawaii,1141
2016-12,Idaho,17034
2016-12,Illinois,137994
2016-12,Indiana,95672
2016-12,Iowa,18090
2016-12,Kansas,22282
2016-12,Kentucky,397059
2016-12,Louisiana,51493
2016-12,Maine,10528
2016-12,Maryland,17984
2016-12,Massachusetts,19842
2016-12,Michigan,47834
2016-12,Minnesota,60056
2016-12,Mississippi,36091
2016-12,Missouri,63289
2016-12,Montana,12610
2016-12,Nebraska,8790
2016-12,Nevada,14889
2016-12,New Hampshire,14305
2016-12,New Jersey,10577
2016-12,New Mexico,17518
2016-12,New York,40292
2016-12,North Carolina,65145
2016-12,North Dakota,6261
2016-12,Ohio,88178
2016-12,Oklahoma,43082
2016-12,Oregon,35754
2016-12,Pennsylvania,111913
2016-12,Puerto Rico,1664
2016-12,Rhode Island,2542
2016-12,South Carolina,43044
2016-12,South Dakota,10739
2016-12,Tennessee,74884
2016-12,Texas,181572
2016-12,Utah,29485
2016-12,Vermont,3977
2016-12,Virgin Islands,67
2016-12,Virginia,62649
2016-12,Washington,59181
2016-12,West Virginia,27242
2016-12,Wisconsin,56928
2016-12,Wyoming,6560
2016-11,Alabama,50477
2016-11,Alaska,8514
2016-11,Arizona,39722
2016-11,Arkansas,26901
2016-11,California,224039
2016-11,Colorado,54418
2016-11,Connecticut,17223
2016-11,Delaware,5791
2016-11,District of Columbia,56
2016-11,Florida,134638
2016-11,Georgia,58723
2016-11,Guam,176
2016-11,Hawaii,1347
2016-11,Idaho,13965
2016-11,Illinois,161604
2016-11,Indiana,92535
2016-11,Iowa,18540
2016-11,Kansas,22646
2016-11,Kentucky,330444
2016-11,Louisiana,39979
2016-11,Maine,10506
2016-11,Mariana Islands,4
2016-11,Maryland,17647
2016-11,Massachusetts,21581
2016-11,Michigan,56137
2016-11,Minnesota,62666
2016-11,Mississippi,29113
2016-11,Missouri,57501
2016-11,Montana,12074
2016-11,Nebraska,9086
2016-11,Nevada,14476
2016-11,New Hampshire,15256
2016-11,New Jersey,11317
2016-11,New Mexico,15116
2016-11,New York,43009
2016-11,North Carolina,59658
2016-11,North Dakota,6494
2016-11,Ohio,88928
2016-11,Oklahoma,40123
2016-11,Oregon,33555
2016-11,Pennsylvania,118378
2016-11,Puerto Rico,1590
2016-11,Rhode Island,2658
2016-11,South Carolina,39711
2016-11,South Dakota,11622
2016-11,Tennessee,74722
2016-11,Texas,157519
2016-11,Utah,26928
2016-11,Vermont,3503
2016-11,Virgin Islands,76
2016-11,Virginia,58362
2016-11,Washington,56963
2016-11,West Virginia,25378
2016-11,Wisconsin,65277
2016-11,Wyoming,5814
2016-10,Alabama,43251
2016-10,Alaska,9383
2016-10,Arizona,34134
2016-10,Arkansas,22709
2016-10,California,180968
2016-10,Colorado,45337
2016-10,Connecticut,16048
2016-10,Delaware,5757
2016-10,District of Columbia,61
2016-10,Florida,111657
2016-10,Georgia,48308
2016-10,Guam,220
2016-10,Hawaii,1277
2016-10,Idaho,14160
2016-10,Illinois,169348
2016-10,Indiana,72085
2016-10,Iowa,14908
2016-10,Kansas,17656
2016-10,Kentucky,378973
2016-10,Louisiana,32820
2016-10,Maine,12954
2016-10,Maryland,14405
2016-10,Massachusetts,19500
2016-10,Michigan,49099
2016-10,Minnesota,70854
2016-10,Mississippi,21433
2016-10,Missouri,50651
2016-10,Montana,13411
2016-10,Nebraska,7834
2016-10,Nevada,12026
2016-10,New Hampshire,15045
2016-10,New Jersey,10175
2016-10,New Mexico,13089
2016-10,New York,37907
2016-10,North Carolina,49372
2016-10,North Dakota,7283
2016-10,Ohio,71864
2016-10,Oklahoma,28578
2016-10,Oregon,28948
2016-10,Pennsylvania,103095
2016-10,Puerto Rico,1429
2016-10,Rhode Island,2448
2016-10,South Carolina,31780
2016-10,South Dakota,12670
2016-10,Tennessee,56652
2016-10,Texas,144467
2016-10,Utah,23339
2016-10,Vermont,3769
2016-10,Virgin Islands,66
2016-10,Virginia,46862
2016-10,Washington,57746
2016-10,West Virginia,20035
2016-10,Wisconsin,63442
2016-10,Wyoming,5228
2016-09,Alabama,41336
2016-09,Alaska,6867
2016-09,Arizona,33390
2016-09,Arkansas,18826
2016-09,California,159077
2016-09,Colorado,40013
2016-09,Connecticut,14955
2016-09,Delaware,4160
2016-09,District of Columbia,52
2016-09,Florida,102843
2016-09,Georgia,41621
2016-09,Guam,189
2016-09,Hawaii,1247
2016-09,Idaho,12611
2016-09,Illinois,127535
2016-09,Indiana,63820
2016-09,Iowa,12094
2016-09,Kansas,14051
2016-09,Kentucky,298753
2016-09,Louisiana,33656
2016-09,Maine,10550
2016-09,Maryland,12161
2016-09,Massachusetts,17481
2016-09,Michigan,41363
2016-09,Minnesota,58507
2016-09,Mississippi,19705
2016-09,Missouri,41437
2016-09,Montana,11479
2016-09,Nebraska,6099
2016-09,Nevada,10434
2016-09,New Hampshire,13329
2016-09,New Jersey,9309
2016-09,New Mexico,11867
2016-09,New York,33599
2016-09,North Carolina,46452
2016-09,North Dakota,5883
2016-09,Ohio,58828
2016-09,Oklahoma,25309
2016-09,Oregon,26487
2016-09,Pennsylvania,86424
2016-09,Puerto Rico,1383
2016-09,Rhode Island,2052
2016-09,South Carolina,28988
2016-09,South Dakota,9284
2016-09,Tennessee,48546
2016-09,Texas,126694
2016-09,Utah,19914
2016-09,Vermont,3130
2016-09,Virgin Islands,75
2016-09,Virginia,38779
2016-09,Washington,48147
2016-09,West Virginia,18079
2016-09,Wisconsin,59639
2016-09,Wyoming,5086
2016-08,Alabama,42455
2016-08,Alaska,7194
2016-08,Arizona,33422
2016-08,Arkansas,21692
2016-08,California,176770
2016-08,Colorado,40996
2016-08,Connecticut,27353
2016-08,Delaware,4169
2016-08,District of Columbia,62
2016-08,Florida,114446
2016-08,Georgia,44370
2016-08,Guam,170
2016-08,Hawaii,1305
2016-08,Idaho,11635
2016-08,Illinois,185912
2016-08,Indiana,79202
2016-08,Iowa,12518
2016-08,Kansas,13770
2016-08,Kentucky,29746
2016-08,Louisiana,30716
2016-08,Maine,8204
2016-08,Mariana Islands,3
2016-08,Maryland,12510
2016-08,Massachusetts,18138
2016-08,Michigan,41493
2016-08,Minnesota,51700
2016-08,Mississippi,26351
2016-08,Missouri,44182
2016-08,Montana,10672
2016-08,Nebraska,6405
2016-08,Nevada,10520
2016-08,New Hampshire,12039
2016-08,New Jersey,9728
2016-08,New Mexico,12341
2016-08,New York,30808
2016-08,North Carolina,46518
2016-08,North Dakota,5461
2016-08,Ohio,62418
2016-08,Oklahoma,25927
2016-08,Oregon,22911
2016-08,Pennsylvania,86652
2016-08,Puerto Rico,1370
2016-08,Rhode Island,2090
2016-08,South Carolina,31389
2016-08,South Dakota,7873
2016-08,Tennessee,60971
2016-08,Texas,124608
2016-08,Utah,21178
2016-08,Vermont,2724
2016-08,Virgin Islands,90
2016-08,Virginia,38667
2016-08,Washington,46645
2016-08,West Virginia,17315
2016-08,Wisconsin,53689
2016-08,Wyoming,5295
2016-07,Alabama,48927
2016-07,Alaska,6793
2016-07,Arizona,34496
2016-07,Arkansas,19378
2016-07,California,190218
2016-07,Colorado,43094
2016-07,Connecticut,29755
2016-07,Delaware,4494
2016-07,District of Columbia,60
2016-07,Florida,125208
2016-07,Georgia,49183
2016-07,Guam,173
2016-07,Hawaii,1565
2016-07,Idaho,12154
2016-07,Illinois,168227
2016-07,Indiana,88340
2016-07,Iowa,11937
2016-07,Kansas,14140
2016-07,Kentucky,363085
2016-07,Louisiana,41063
2016-07,Maine,7702
2016-07,Maryland,12228
2016-07,Massachusetts,20480
2016-07,Michigan,40142
2016-07,Minnesota,43368
2016-07,Mississippi,21907
2016-07,Missouri,46637
2016-07,Montana,9869
2016-07,Nebraska,5429
2016-07,Nevada,11785
2016-07,New Hampshire,13068
2016-07,New Jersey,10074
2016-07,New Mexico,12219
2016-07,New York,29513
2016-07,North Carolina,44123
2016-07,North Dakota,5470
2016-07,Ohio,63148
2016-07,Oklahoma,25946
2016-07,Oregon,24813
2016-07,Pennsylvania,86137
2016-07,Puerto Rico,1331
2016-07,Rhode Island,2368
2016-07,South Carolina,32730
2016-07,South Dakota,7406
2016-07,Tennessee,57653
2016-07,Texas,127207
2016-07,Utah,17608
2016-07,Vermont,2674
2016-07,Virgin Islands,105
2016-07,Virginia,43574
2016-07,Washington,47887
2016-07,West Virginia,16791
2016-07,Wisconsin,38922
2016-07,Wyoming,4585
2016-06,Alabama,44976
2016-06,Alaska,7406
2016-06,Arizona,32540
2016-06,Arkansas,18779
2016-06,California,173846
2016-06,Colorado,41134
2016-06,Connecticut,33475
2016-06,Delaware,4987
2016-06,District of Columbia,72
2016-06,Florida,125567
2016-06,Georgia,42626
2016-06,Guam,164
2016-06,Hawaii,1754
2016-06,Idaho,12947
2016-06,Illinois,164500
2016-06,Indiana,94326
2016-06,Iowa,12209
2016-06,Kansas,12364
2016-06,Kentucky,360293
2016-06,Louisiana,26278
2016-06,Maine,7858
2016-06,Maryland,11647
2016-06,Massachusetts,17743
2016-06,Michigan,39580
2016-06,Minnesota,47916
2016-06,Mississippi,17507
2016-06,Missouri,45384
2016-06,Montana,10610
2016-06,Nebraska,5777
2016-06,Nevada,11771
2016-06,New Hampshire,12661
2016-06,New Jersey,10806
2016-06,New Mexico,12560
2016-06,New York,28472
2016-06,North Carolina,44535
2016-06,North Dakota,6568
2016-06,Ohio,60366
2016-06,Oklahoma,26167
2016-06,Oregon,25502
2016-06,Pennsylvania,80806
2016-06,Puerto Rico,1298
2016-06,Rhode Island,2302
2016-06,South Carolina,30209
2016-06,South Dakota,7519
2016-06,Tennessee,56218
2016-06,Texas,120263
2016-06,Utah,28189
2016-06,Vermont,2688
2016-06,Virgin Islands,106
2016-06,Virginia,37593
2016-06,Washington,50487
2016-06,West Virginia,16423
2016-06,Wisconsin,30747
2016-06,Wyoming,4812
2016-05,Alabama,36157
2016-05,Alaska,5991
2016-05,Arizona,28671
2016-05,Arkansas,16422
2016-05,California,166035
2016-05,Colorado,36512
2016-05,Connecticut,29247
2016-05,Delaware,4355
2016-05,District of Columbia,110
2016-05,Florida,94732
2016-05,Georgia,33740
2016-05,Guam,194
2016-05,Hawaii,1316
2016-05,Idaho,8658
2016-05,Illinois,119574
2016-05,Indiana,119897
2016-05,Iowa,12578
2016-05,Kansas,10559
2016-05,Kentucky,321666
2016-05,Louisiana,20462
2016-05,Maine,6572
2016-05,Maryland,11176
2016-05,Massachusetts,15449
2016-05,Michigan,37823
2016-05,Minnesota,42135
2016-05,Mississippi,15159
2016-05,Missouri,40752
2016-05,Montana,9551
2016-05,Nebraska,4956
2016-05,Nevada,10105
2016-05,New Hampshire,10869
2016-05,New Jersey,9770
2016-05,New Mexico,10847
2016-05,New York,26336
2016-05,North Carolina,38727
2016-05,North Dakota,4620
2016-05,Ohio,58406
2016-05,Oklahoma,21379
2016-05,Oregon,21266
2016-05,Pennsylvania,70244
2016-05,Puerto Rico,1202
2016-05,Rhode Island,1648
2016-05,South Carolina,24923
2016-05,South Dakota,6403
2016-05,Tennessee,44044
2016-05,Texas,104134
2016-05,Utah,24045
2016-05,Vermont,2247
2016-05,Virgin Islands,112
2016-05,Virginia,30787
2016-05,Washington,41282
2016-05,West Virginia,14918
2016-05,Wisconsin,27431
2016-05,Wyoming,4504
2016-04,Alabama,41239
2016-04,Alaska,6867
2016-04,Arizona,32005
2016-04,Arkansas,19048
2016-04,California,171256
2016-04,Colorado,41636
2016-04,Connecticut,32657
2016-04,Delaware,4316
2016-04,District of Columbia,69
2016-04,Florida,104114
2016-04,Georgia,41265
2016-04,Guam,160
2016-04,Hawaii,1453
2016-04,Idaho,10638
2016-04,Illinois,154306
2016-04,Indiana,126579
2016-04,Iowa,15435
2016-04,Kansas,13227
2016-04,Kentucky,306214
2016-04,Louisiana,23719
2016-04,Maine,8567
2016-04,Maryland,13007
2016-04,Massachusetts,17505
2016-04,Michigan,48163
2016-04,Minnesota,57100
2016-04,Mississippi,17182
2016-04,Missouri,49098
2016-04,Montana,10728
2016-04,Nebraska,6280
2016-04,Nevada,11803
2016-04,New Hampshire,12630
2016-04,New Jersey,10465
2016-04,New Mexico,12421
2016-04,New York,31789
2016-04,North Carolina,43592
2016-04,North Dakota,6039
2016-04,Ohio,71881
2016-04,Oklahoma,26489
2016-04,Oregon,23132
2016-04,Pennsylvania,88140
2016-04,Puerto Rico,1185
2016-04,Rhode Island,2125
2016-04,South Carolina,30929
2016-04,South Dakota,8275
2016-04,Tennessee,57837
2016-04,Texas,126292
2016-04,Utah,30706
2016-04,Vermont,3220
2016-04,Virgin Islands,85
2016-04,Virginia,36219
2016-04,Washington,65565
2016-04,West Virginia,17825
2016-04,Wisconsin,38403
2016-04,Wyoming,5029
2016-03,Alabama,55486
2016-03,Alaska,6982
2016-03,Arizona,35795
2016-03,Arkansas,24390
2016-03,California,201041
2016-03,Colorado,46430
2016-03,Connecticut,35332
2016-03,Delaware,4986
2016-03,District of Columbia,85
2016-03,Florida,119207
2016-03,Georgia,55396
2016-03,Guam,188
2016-03,Hawaii,1469
2016-03,Idaho,13824
2016-03,Illinois,175762
2016-03,Indiana,151821
2016-03,Iowa,23526
2016-03,Kansas,16593
2016-03,Kentucky,321318
2016-03,Louisiana,26552
2016-03,Maine,9429
2016-03,Maryland,14546
2016-03,Massachusetts,20450
2016-03,Michigan,59827
2016-03,Minnesota,56311
2016-03,Mississippi,21727
2016-03,Missouri,64449
2016-03,Montana,11967
2016-03,Nebraska,8315
2016-03,Nevada,13550
2016-03,New Hampshire,14498
2016-03,New Jersey,11138
2016-03,New Mexico,13999
2016-03,New York,34781
2016-03,North Carolina,53581
2016-03,North Dakota,6281
2016-03,Ohio,85267
2016-03,Oklahoma,29112
2016-03,Oregon,27093
2016-03,Pennsylvania,105145
2016-03,Puerto Rico,1188
2016-03,Rhode Island,2516
2016-03,South Carolina,38503
2016-03,South Dakota,9178
2016-03,Tennessee,51955
2016-03,Texas,152465
2016-03,Utah,30548
2016-03,Vermont,3861
2016-03,Virgin Islands,90
2016-03,Virginia,42741
2016-03,Washington,126000
2016-03,West Virginia,22143
2016-03,Wisconsin,44925
2016-03,Wyoming,5302
2016-02,Alabama,77411
2016-02,Alaska,6779
2016-02,Arizona,35307
2016-02,Arkansas,27506
2016-02,California,214844
2016-02,Colorado,47302
2016-02,Connecticut,32110
2016-02,Delaware,5173
2016-02,District of Columbia,95
2016-02,Florida,132010
2016-02,Georgia,66777
2016-02,Guam,141
2016-02,Hawaii,1424
2016-02,Idaho,15520
2016-02,Illinois,169908
2016-02,Indiana,221556
2016-02,Iowa,23728
2016-02,Kansas,19817
2016-02,Kentucky,266913
2016-02,Louisiana,32939
2016-02,Maine,9868
2016-02,Maryland,14735
2016-02,Massachusetts,17835
2016-02,Michigan,61421
2016-02,Minnesota,50144
2016-02,Mississippi,28656
2016-02,Missouri,67682
2016-02,Montana,12644
2016-02,Nebraska,8576
2016-02,Nevada,14342
2016-02,New Hampshire,14577
2016-02,New Jersey,9811
2016-02,New Mexico,16662
2016-02,New York,34195
2016-02,North Carolina,58096
2016-02,North Dakota,5799
2016-02,Ohio,90222
2016-02,Oklahoma,37589
2016-02,Oregon,28869
2016-02,Pennsylvania,104116
2016-02,Puerto Rico,1088
2016-02,Rhode Island,2392
2016-02,South Carolina,39376
2016-02,South Dakota,10732
2016-02,Tennessee,68503
2016-02,Texas,192417
2016-02,Utah,22999
2016-02,Vermont,4173
2016-02,Virgin Islands,115
2016-02,Virginia,47955
2016-02,Washington,56043
2016-02,West Virginia,27216
2016-02,Wisconsin,42855
2016-02,Wyoming,5703
2016-01,Alabama,73218
2016-01,Alaska,6085
2016-01,Arizona,31910
2016-01,Arkansas,20437
2016-01,California,220912
2016-01,Colorado,48214
2016-01,Connecticut,31712
2016-01,Delaware,4886
2016-01,District of Columbia,82
2016-01,Florida,125935
2016-01,Georgia,62707
2016-01,Guam,176
2016-01,Hawaii,1383
2016-01,Idaho,13197
2016-01,Illinois,189400
2016-01,Indiana,230892
2016-01,Iowa,26714
2016-01,Kansas,19443
2016-01,Kentucky,302383
2016-01,Louisiana,32192
2016-01,Maine,8844
2016-01,Mariana Islands,3
2016-01,Maryland,13321
2016-01,Massachusetts,20208
2016-01,Michigan,56723
2016-01,Minnesota,50842
2016-01,Mississippi,21330
2016-01,Missouri,61257
2016-01,Montana,10722
2016-01,Nebraska,11116
2016-01,Nevada,12291
2016-01,New Hampshire,16887
2016-01,New Jersey,8683
2016-01,New Mexico,12577
2016-01,New York,34071
2016-01,North Carolina,51646
2016-01,North Dakota,5877
2016-01,Ohio,76218
2016-01,Oklahoma,34889
2016-01,Oregon,26378
2016-01,Pennsylvania,102170
2016-01,Puerto Rico,1133
2016-01,Rhode Island,2617
2016-01,South Carolina,31396
2016-01,South Dakota,10220
2016-01,Tennessee,62789
2016-01,Texas,164088
2016-01,Utah,19968
2016-01,Vermont,3451
2016-01,Virgin Islands,100
2016-01,Virginia,44181
2016-01,Washington,58050
2016-01,West Virginia,18985
2016-01,Wisconsin,39561
2016-01,Wyoming,5676
2015-12,Alabama,120914
2015-12,Alaska,11055
2015-12,Arizona,47759
2015-12,Arkansas,36886
2015-12,California,252946
2015-12,Colorado,64547
2015-12,Connecticut,36673
2015-12,Delaware,7670
2015-12,District of Columbia,95
2015-12,Florida,168935
2015-12,Georgia,96508
2015-12,Guam,218
2015-12,Hawaii,1644
2015-12,Idaho,18544
2015-12,Illinois,182255
2015-12,Indiana,214035
2015-12,Iowa,25941
2015-12,Kansas,28091
2015-12,Kentucky,308824
2015-12,Louisiana,59760
2015-12,Maine,14076
2015-12,Maryland,17832
2015-12,Massachusetts,22723
2015-12,Michigan,76882
2015-12,Minnesota,64181
2015-12,Mississippi,44727
2015-12,Missouri,89366
2015-12,Montana,16667
2015-12,Nebraska,14768
2015-12,Nevada,18649
2015-12,New Hampshire,20626
2015-12,New Jersey,11018
2015-12,New Mexico,19335
2015-12,New York,48515
2015-12,North Carolina,76441
2015-12,North Dakota,8304
2015-12,Ohio,119897
2015-12,Oklahoma,56119
2015-12,Oregon,41065
2015-12,Pennsylvania,153826
2015-12,Puerto Rico,1335
2015-12,Rhode Island,3363
2015-12,South Carolina,48614
2015-12,South Dakota,14660
2015-12,Tennessee,100586
2015-12,Texas,241791
2015-12,Utah,31645
2015-12,Vermont,4731
2015-12,Virgin Islands,115
2015-12,Virginia,72526
2015-12,Washington,73158
2015-12,West Virginia,36037
2015-12,Wisconsin,52450
2015-12,Wyoming,8870
2015-11,Alabama,71137
2015-11,Alaska,7095
2015-11,Arizona,27087
2015-11,Arkansas,25048
2015-11,California,180116
2015-11,Colorado,42271
2015-11,Connecticut,26438
2015-11,Delaware,5040
2015-11,District of Columbia,64
2015-11,Florida,103532
2015-11,Georgia,50795
2015-11,Guam,171
2015-11,Hawaii,1252
2015-11,Idaho,11925
2015-11,Illinois,129861
2015-11,Indiana,130333
2015-11,Iowa,13794
2015-11,Kansas,18433
2015-11,Kentucky,295891
2015-11,Louisiana,37752
2015-11,Maine,9297
2015-11,Maryland,13463
2015-11,Massachusetts,15885
2015-11,Michigan,50278
2015-11,Minnesota,44023
2015-11,Mississippi,27504
2015-11,Missouri,55031
2015-11,Montana,10415
2015-11,Nebraska,8299
2015-11,Nevada,10632
2015-11,New Hampshire,12850
2015-11,New Jersey,8313
2015-11,New Mexico,12721
2015-11,New York,36421
2015-11,North Carolina,49217
2015-11,North Dakota,6288
2015-11,Ohio,81616
2015-11,Oklahoma,35457
2015-11,Oregon,25453
2015-11,Pennsylvania,103836
2015-11,Puerto Rico,1242
2015-11,Rhode Island,2101
2015-11,South Carolina,32064
2015-11,South Dakota,9727
2015-11,Tennessee,63670
2015-11,Texas,146982
2015-11,Utah,21772
2015-11,Vermont,3136
2015-11,Virgin Islands,109
2015-11,Virginia,48010
2015-11,Washington,43989
2015-11,West Virginia,25063
2015-11,Wisconsin,38541
2015-11,Wyoming,5017
2015-10,Alabama,61156
2015-10,Alaska,9941
2015-10,Arizona,26501
2015-10,Arkansas,23409
2015-10,California,163211
2015-10,Colorado,37785
2015-10,Connecticut,23918
2015-10,Delaware,4052
2015-10,District of Columbia,76
2015-10,Florida,94518
2015-10,Georgia,45420
2015-10,Guam,213
2015-10,Hawaii,1380
2015-10,Idaho,11986
2015-10,Illinois,95886
2015-10,Indiana,100220
2015-10,Iowa,10725
2015-10,Kansas,14469
2015-10,Kentucky,276162
2015-10,Louisiana,33300
2015-10,Maine,11245
2015-10,Maryland,11832
2015-10,Massachusetts,13947
2015-10,Michigan,43822
2015-10,Minnesota,50060
2015-10,Mississippi,20862
2015-10,Missouri,49890
2015-10,Montana,12988
2015-10,Nebraska,6880
2015-10,Nevada,9456
2015-10,New Hampshire,11664
2015-10,New Jersey,7315
2015-10,New Mexico,12381
2015-10,New York,33282
2015-10,North Carolina,46020
2015-10,North Dakota,7547
2015-10,Ohio,62456
2015-10,Oklahoma,28582
2015-10,Oregon,25405
2015-10,Pennsylvania,82552
2015-10,Puerto Rico,1288
2015-10,Rhode Island,1944
2015-10,South Carolina,26030
2015-10,South Dakota,10920
2015-10,Tennessee,51134
2015-10,Texas,126327
2015-10,Utah,19046
2015-10,Vermont,3259
2015-10,Virgin Islands,100
2015-10,Virginia,38959
2015-10,Washington,45061
2015-10,West Virginia,21388
2015-10,Wisconsin,36111
2015-10,Wyoming,5166
2015-09,Alabama,56228
2015-09,Alaska,6195
2015-09,Arizona,25464
2015-09,Arkansas,21834
2015-09,California,125441
2015-09,Colorado,34229
2015-09,Connecticut,21775
2015-09,Delaware,3360
2015-09,District of Columbia,41
2015-09,Florida,85246
2015-09,Georgia,41685
2015-09,Guam,181
2015-09,Hawaii,1270
2015-09,Idaho,11078
2015-09,Illinois,94476
2015-09,Indiana,83928
2015-09,Iowa,9865
2015-09,Kansas,12731
2015-09,Kentucky,262693
2015-09,Louisiana,39053
2015-09,Maine,8648
2015-09,Maryland,8912
2015-09,Massachusetts,12092
2015-09,Michigan,48331
2015-09,Minnesota,43688
2015-09,Mississippi,23398
2015-09,Missouri,40511
2015-09,Montana,11302
2015-09,Nebraska,5433
2015-09,Nevada,9821
2015-09,New Hampshire,10094
2015-09,New Jersey,6056
2015-09,New Mexico,11570
2015-09,New York,28204
2015-09,North Carolina,42348
2015-09,North Dakota,5619
2015-09,Ohio,53928
2015-09,Oklahoma,25154
2015-09,Oregon,21650
2015-09,Pennsylvania,70156
2015-09,Puerto Rico,1300
2015-09,Rhode Island,1566
2015-09,South Carolina,24395
2015-09,South Dakota,7949
2015-09,Tennessee,52313
2015-09,Texas,122503
2015-09,Utah,22343
2015-09,Vermont,2681
2015-09,Virgin Islands,134
2015-09,Virginia,34030
2015-09,Washington,40441
2015-09,West Virginia,17801
2015-09,Wisconsin,30630
2015-09,Wyoming,4968
2015-08,Alabama,62770
2015-08,Alaska,6976
2015-08,Arizona,25003
2015-08,Arkansas,21087
2015-08,California,125122
2015-08,Colorado,36156
2015-08,Connecticut,21514
2015-08,Delaware,3459
2015-08,District of Columbia,67
2015-08,Florida,87429
2015-08,Georgia,40519
2015-08,Guam,147
2015-08,Hawaii,1175
2015-08,Idaho,9792
2015-08,Illinois,94314
2015-08,Indiana,66212
2015-08,Iowa,8592
2015-08,Kansas,13366
2015-08,Kentucky,286463
2015-08,Louisiana,30880
2015-08,Maine,7283
2015-08,Maryland,8606
2015-08,Massachusetts,12792
2015-08,Michigan,33600
2015-08,Minnesota,39036
2015-08,Mississippi,18376
2015-08,Missouri,40259
2015-08,Montana,10130
2015-08,Nebraska,5418
2015-08,Nevada,8818
2015-08,New Hampshire,10185
2015-08,New Jersey,6537
2015-08,New Mexico,11179
2015-08,New York,23978
2015-08,North Carolina,39565
2015-08,North Dakota,5148
2015-08,Ohio,51999
2015-08,Oklahoma,26376
2015-08,Oregon,19393
2015-08,Pennsylvania,69162
2015-08,Puerto Rico,1357
2015-08,Rhode Island,1477
2015-08,South Carolina,25047
2015-08,South Dakota,7369
2015-08,Tennessee,49128
2015-08,Texas,122233
2015-08,Utah,19717
2015-08,Vermont,2466
2015-08,Virgin Islands,100
2015-08,Virginia,32147
2015-08,Washington,36031
2015-08,West Virginia,16720
2015-08,Wisconsin,28396
2015-08,Wyoming,4839
2015-07,Alabama,56762
2015-07,Alaska,6029
2015-07,Arizona,23779
2015-07,Arkansas,17694
2015-07,California,140365
2015-07,Colorado,31280
2015-07,Connecticut,22195
2015-07,Delaware,3275
2015-07,District of Columbia,64
2015-07,Florida,83877
2015-07,Georgia,39608
2015-07,Guam,186
2015-07,Hawaii,1157
2015-07,Idaho,8675
2015-07,Illinois,95297
2015-07,Indiana,52154
2015-07,Iowa,8356
2015-07,Kansas,12248
2015-07,Kentucky,220018
2015-07,Louisiana,23822
2015-07,Maine,6549
2015-07,Maryland,8595
2015-07,Massachusetts,11898
2015-07,Michigan,32153
2015-07,Minnesota,31732
2015-07,Mississippi,16575
2015-07,Missouri,37539
2015-07,Montana,8713
2015-07,Nebraska,4596
2015-07,Nevada,8829
2015-07,New Hampshire,9404
2015-07,New Jersey,6588
2015-07,New Mexico,10404
2015-07,New York,21821
2015-07,North Carolina,37651
2015-07,North Dakota,4593
2015-07,Ohio,49952
2015-07,Oklahoma,23594
2015-07,Oregon,18003
2015-07,Pennsylvania,65250
2015-07,Puerto Rico,1342
2015-07,Rhode Island,1461
2015-07,South Carolina,25017
2015-07,South Dakota,5914
2015-07,Tennessee,57873
2015-07,Texas,106013
2015-07,Utah,17259
2015-07,Vermont,2219
2015-07,Virgin Islands,159
2015-07,Virginia,32419
2015-07,Washington,34177
2015-07,West Virginia,15607
2015-07,Wisconsin,24350
2015-07,Wyoming,4371
2015-06,Alabama,45952
2015-06,Alaska,5830
2015-06,Arizona,22999
2015-06,Arkansas,15372
2015-06,California,112704
2015-06,Colorado,31777
2015-06,Connecticut,24605
2015-06,Delaware,3332
2015-06,District of Columbia,49
2015-06,Florida,79101
2015-06,Georgia,34674
2015-06,Guam,184
2015-06,Hawaii,1213
2015-06,Idaho,9373
2015-06,Illinois,80431
2015-06,Indiana,62755
2015-06,Iowa,7359
2015-06,Kansas,10463
2015-06,Kentucky,242027
2015-06,Louisiana,21042
2015-06,Maine,6151
2015-06,Maryland,8826
2015-06,Massachusetts,11383
2015-06,Michigan,30723
2015-06,Minnesota,33553
2015-06,Mississippi,13111
2015-06,Missouri,37010
2015-06,Montana,8529
2015-06,Nebraska,4369
2015-06,Nevada,9186
2015-06,New Hampshire,9881
2015-06,New Jersey,7007
2015-06,New Mexico,9969
2015-06,New York,22717
2015-06,North Carolina,33889
2015-06,North Dakota,4481
2015-06,Ohio,49297
2015-06,Oklahoma,21793
2015-06,Oregon,17765
2015-06,Pennsylvania,64122
2015-06,Puerto Rico,1499
2015-06,Rhode Island,1512
2015-06,South Carolina,20763
2015-06,South Dakota,5645
2015-06,Tennessee,42558
2015-06,Texas,106461
2015-06,Utah,20684
2015-06,Vermont,2135
2015-06,Virgin Islands,104
2015-06,Virginia,27904
2015-06,Washington,32783
2015-06,West Virginia,14695
2015-06,Wisconsin,22715
2015-06,Wyoming,4388
2015-05,Alabama,45128
2015-05,Alaska,6168
2015-05,Arizona,24503
2015-05,Arkansas,16258
2015-05,California,119574
2015-05,Colorado,33062
2015-05,Connecticut,24571
2015-05,Delaware,3683
2015-05,District of Columbia,53
2015-05,Florida,77601
2015-05,Georgia,32956
2015-05,Guam,148
2015-05,Hawaii,1145
2015-05,Idaho,9975
2015-05,Illinois,76538
2015-05,Indiana,64608
2015-05,Iowa,7597
2015-05,Kansas,12249
2015-05,Kentucky,271614
2015-05,Louisiana,20941
2015-05,Maine,5860
2015-05,Maryland,8105
2015-05,Massachusetts,11907
2015-05,Michigan,32961
2015-05,Minnesota,37779
2015-05,Mississippi,13803
2015-05,Missouri,37565
2015-05,Montana,9364
2015-05,Nebraska,4500
2015-05,Nevada,9959
2015-05,New Hampshire,10564
2015-05,New Jersey,6704
2015-05,New Mexico,11021
2015-05,New York,21977
2015-05,North Carolina,32357
2015-05,North Dakota,4683
2015-05,Ohio,49428
2015-05,Oklahoma,23210
2015-05,Oregon,19292
2015-05,Pennsylvania,62676
2015-05,Puerto Rico,1477
2015-05,Rhode Island,1543
2015-05,South Carolina,20254
2015-05,South Dakota,6436
2015-05,Tennessee,40597
2015-05,Texas,111012
2015-05,Utah,18544
2015-05,Vermont,2172
2015-05,Virgin Islands,118
2015-05,Virginia,28447
2015-05,Washington,33943
2015-05,West Virginia,15288
2015-05,Wisconsin,24362
2015-05,Wyoming,4612
2015-04,Alabama,46971
2015-04,Alaska,7030
2015-04,Arizona,24762
2015-04,Arkansas,17135
2015-04,California,114686
2015-04,Colorado,34688
2015-04,Connecticut,26677
2015-04,Delaware,3665
2015-04,District of Columbia,51
2015-04,Florida,81456
2015-04,Georgia,35901
2015-04,Guam,146
2015-04,Hawaii,1329
2015-04,Idaho,10686
2015-04,Illinois,118541
2015-04,Indiana,67791
2015-04,Iowa,11113
2015-04,Kansas,14044
2015-04,Kentucky,253890
2015-04,Louisiana,21000
2015-04,Maine,6608
2015-04,Maryland,10464
2015-04,Massachusetts,14211
2015-04,Michigan,36840
2015-04,Minnesota,44682
2015-04,Mississippi,14292
2015-04,Missouri,42187
2015-04,Montana,9473
2015-04,Nebraska,5325
2015-04,Nevada,9830
2015-04,New Hampshire,10849
2015-04,New Jersey,7594
2015-04,New Mexico,11299
2015-04,New York,26818
2015-04,North Carolina,37520
2015-04,North Dakota,5225
2015-04,Ohio,59965
2015-04,Oklahoma,26152
2015-04,Oregon,20563
2015-04,Pennsylvania,74820
2015-04,Puerto Rico,1168
2015-04,Rhode Island,1710
2015-04,South Carolina,22801
2015-04,South Dakota,6951
2015-04,Tennessee,44972
2015-04,Texas,106032
2015-04,Utah,20361
2015-04,Vermont,3081
2015-04,Virgin Islands,115
2015-04,Virginia,31657
2015-04,Washington,38008
2015-04,West Virginia,18739
2015-04,Wisconsin,31164
2015-04,Wyoming,4697
2015-03,Alabama,57152
2015-03,Alaska,7223
2015-03,Arizona,28402
2015-03,Arkansas,20397
2015-03,California,199833
2015-03,Colorado,37740
2015-03,Connecticut,30302
2015-03,Delaware,4610
2015-03,District of Columbia,68
2015-03,Florida,93683
2015-03,Georgia,48200
2015-03,Guam,161
2015-03,Hawaii,1344
2015-03,Idaho,12234
2015-03,Illinois,96770
2015-03,Indiana,83305
2015-03,Iowa,14948
2015-03,Kansas,16337
2015-03,Kentucky,281518
2015-03,Louisiana,26788
2015-03,Maine,7438
2015-03,Maryland,10656
2015-03,Massachusetts,16296
2015-03,Michigan,43233
2015-03,Minnesota,51987
2015-03,Mississippi,18635
2015-03,Missouri,52566
2015-03,Montana,10863
2015-03,Nebraska,6796
2015-03,Nevada,11192
2015-03,New Hampshire,11780
2015-03,New Jersey,8529
2015-03,New Mexico,13587
2015-03,New York,29889
2015-03,North Carolina,45196
2015-03,North Dakota,6517
2015-03,Ohio,62389
2015-03,Oklahoma,29926
2015-03,Oregon,23895
2015-03,Pennsylvania,92329
2015-03,Puerto Rico,1377
2015-03,Rhode Island,1953
2015-03,South Carolina,26546
2015-03,South Dakota,8923
2015-03,Tennessee,40064
2015-03,Texas,129368
2015-03,Utah,23422
2015-03,Vermont,3115
2015-03,Virgin Islands,96
2015-03,Virginia,39427
2015-03,Washington,43542
2015-03,West Virginia,25804
2015-03,Wisconsin,37433
2015-03,Wyoming,5459
2015-02,Alabama,62220
2015-02,Alaska,6731
2015-02,Arizona,30563
2015-02,Arkansas,24042
2015-02,California,113789
2015-02,Colorado,37520
2015-02,Connecticut,24291
2015-02,Delaware,4137
2015-02,District of Columbia,53
2015-02,Florida,103809
2015-02,Georgia,57432
2015-02,Guam,147
2015-02,Hawaii,1193
2015-02,Idaho,12820
2015-02,Illinois,86317
2015-02,Indiana,84043
2015-02,Iowa,16457
2015-02,Kansas,18262
2015-02,Kentucky,198493
2015-02,Louisiana,33759
2015-02,Maine,6166
2015-02,Mariana Islands,5
2015-02,Maryland,9092
2015-02,Massachusetts,11039
2015-02,Michigan,38502
2015-02,Minnesota,40699
2015-02,Mississippi,23970
2015-02,Missouri,55680
2015-02,Montana,11027
2015-02,Nebraska,6715
2015-02,Nevada,11626
2015-02,New Hampshire,9085
2015-02,New Jersey,7229
2015-02,New Mexico,13832
2015-02,New York,25920
2015-02,North Carolina,48473
2015-02,North Dakota,5512
2015-02,Ohio,59899
2015-02,Oklahoma,34307
2015-02,Oregon,24213
2015-02,Pennsylvania,81379
2015-02,Puerto Rico,1282
2015-02,Rhode Island,1777
2015-02,South Carolina,31543
2015-02,South Dakota,9065
2015-02,Tennessee,53761
2015-02,Texas,140229
2015-02,Utah,20627
2015-02,Vermont,3220
2015-02,Virgin Islands,113
2015-02,Virginia,40786
2015-02,Washington,43129
2015-02,West Virginia,24248
2015-02,Wisconsin,32541
2015-02,Wyoming,5539
2015-01,Alabama,51119
2015-01,Alaska,5348
2015-01,Arizona,24620
2015-01,Arkansas,18184
2015-01,California,113292
2015-01,Colorado,33007
2015-01,Connecticut,24791
2015-01,Delaware,4133
2015-01,District of Columbia,61
2015-01,Florida,87895
2015-01,Georgia,43248
2015-01,Guam,164
2015-01,Hawaii,1188
2015-01,Idaho,9858
2015-01,Illinois,96712
2015-01,Indiana,67533
2015-01,Iowa,12562
2015-01,Kansas,15166
2015-01,Kentucky,320778
2015-01,Louisiana,24516
2015-01,Maine,5423
2015-01,Maryland,9311
2015-01,Massachusetts,13112
2015-01,Michigan,33596
2015-01,Minnesota,37824
2015-01,Mississippi,17119
2015-01,Missouri,47271
2015-01,Montana,8234
2015-01,Nebraska,6241
2015-01,Nevada,9482
2015-01,New Hampshire,9834
2015-01,New Jersey,7144
2015-01,New Mexico,10614
2015-01,New York,26506
2015-01,North Carolina,43199
2015-01,North Dakota,5512
2015-01,Ohio,47676
2015-01,Oklahoma,28606
2015-01,Oregon,19429
2015-01,Pennsylvania,73321
2015-01,Puerto Rico,1225
2015-01,Rhode Island,1722
2015-01,South Carolina,23923
2015-01,South Dakota,6709
2015-01,Tennessee,57536
2015-01,Texas,115315
2015-01,Utah,19394
2015-01,Vermont,2373
2015-01,Virgin Islands,79
2015-01,Virginia,36685
2015-01,Washington,38018
2015-01,West Virginia,17624
2015-01,Wisconsin,24587
2015-01,Wyoming,4413
2014-12,Alabama,75874
2014-12,Alaska,9442
2014-12,Arizona,33062
2014-12,Arkansas,29453
2014-12,California,164170
2014-12,Colorado,47309
2014-12,Connecticut,27883
2014-12,Delaware,5847
2014-12,District of Columbia,53
2014-12,Florida,107882
2014-12,Georgia,60222
2014-12,Guam,203
2014-12,Hawaii,1389
2014-12,Idaho,14948
2014-12,Illinois,147220
2014-12,Indiana,74495
2014-12,Iowa,14335
2014-12,Kansas,22119
2014-12,Kentucky,295697
2014-12,Louisiana,44644
2014-12,Maine,8990
2014-12,Maryland,12462
2014-12,Massachusetts,14332
2014-12,Michigan,42291
2014-12,Minnesota,43152
2014-12,Mississippi,32564
2014-12,Missouri,64574
2014-12,Montana,13177
2014-12,Nebraska,8917
2014-12,Nevada,12590
2014-12,New Hampshire,12247
2014-12,New Jersey,8712
2014-12,New Mexico,15881
2014-12,New York,34849
2014-12,North Carolina,56571
2014-12,North Dakota,6795
2014-12,Ohio,71731
2014-12,Oklahoma,45311
2014-12,Oregon,28411
2014-12,Pennsylvania,95384
2014-12,Puerto Rico,1417
2014-12,Rhode Island,1988
2014-12,South Carolina,34846
2014-12,South Dakota,9645
2014-12,Tennessee,72934
2014-12,Texas,180658
2014-12,Utah,26111
2014-12,Vermont,3152
2014-12,Virgin Islands,94
2014-12,Virginia,49939
2014-12,Washington,49826
2014-12,West Virginia,26935
2014-12,Wisconsin,31622
2014-12,Wyoming,7031
2014-11,Alabama,56324
2014-11,Alaska,7851
2014-11,Arizona,26203
2014-11,Arkansas,25577
2014-11,California,132469
2014-11,Colorado,36523
2014-11,Connecticut,23451
2014-11,Delaware,4764
2014-11,District of Columbia,45
2014-11,Florida,87931
2014-11,Georgia,44325
2014-11,Guam,160
2014-11,Hawaii,1078
2014-11,Idaho,10932
2014-11,Illinois,104606
2014-11,Indiana,136175
2014-11,Iowa,10906
2014-11,Kansas,18147
2014-11,Kentucky,84113
2014-11,Louisiana,33557
2014-11,Maine,7347
2014-11,Maryland,12483
2014-11,Massachusetts,13258
2014-11,Michigan,39561
2014-11,Minnesota,38258
2014-11,Mississippi,24074
2014-11,Missouri,60330
2014-11,Montana,10052
2014-11,Nebraska,7072
2014-11,Nevada,8950
2014-11,New Hampshire,10215
2014-11,New Jersey,7612
2014-11,New Mexico,12308
2014-11,New York,33260
2014-11,North Carolina,45758
2014-11,North Dakota,6217
2014-11,Ohio,64249
2014-11,Oklahoma,37671
2014-11,Oregon,22003
2014-11,Pennsylvania,87572
2014-11,Puerto Rico,1369
2014-11,Rhode Island,1822
2014-11,South Carolina,26987
2014-11,South Dakota,8620
2014-11,Tennessee,55288
2014-11,Texas,138837
2014-11,Utah,19211
2014-11,Vermont,2833
2014-11,Virgin Islands,94
2014-11,Virginia,43955
2014-11,Washington,44282
2014-11,West Virginia,24050
2014-11,Wisconsin,31027
2014-11,Wyoming,5399
